/*
 Navicat Premium Dump SQL

 Source Server         : aliyun
 Source Server Type    : MySQL
 Source Server Version : 80043 (8.0.43-0ubuntu0.22.04.1)
 Source Host           : 47.94.97.3:3306
 Source Schema         : db_todo

 Target Server Type    : MySQL
 Target Server Version : 80043 (8.0.43-0ubuntu0.22.04.1)
 File Encoding         : 65001

 Date: 15/10/2025 21:37:36
*/

SET NAMES utf8mb4;
SET FOREIGN_KEY_CHECKS = 0;
CREATE DATABASE IF NOT EXISTS db_todo
CHARACTER SET utf8mb4
COLLATE utf8mb4_general_ci;
-- ----------------------------
-- Table structure for tb_dic
-- ----------------------------
DROP TABLE IF EXISTS `tb_dic`;
CREATE TABLE `tb_dic` (
  `dic_id` varchar(255) CHARACTER SET utf8mb4 COLLATE utf8mb4_0900_ai_ci NOT NULL,
  `dic_name` varchar(255) CHARACTER SET utf8mb4 COLLATE utf8mb4_0900_ai_ci NOT NULL,
  PRIMARY KEY (`dic_id`) USING BTREE
) ENGINE=InnoDB DEFAULT CHARSET=utf8mb4 COLLATE=utf8mb4_0900_ai_ci;

-- ----------------------------
-- Records of tb_dic
-- ----------------------------
BEGIN;
INSERT INTO `tb_dic` (`dic_id`, `dic_name`) VALUES ('ae244c6bc76847eaaab5584267986bf2', 'status_dic');
INSERT INTO `tb_dic` (`dic_id`, `dic_name`) VALUES ('b0c4236b2507411cb41792f1f8467bad', 'repeat_dic');
COMMIT;

-- ----------------------------
-- Table structure for tb_dic_entry
-- ----------------------------
DROP TABLE IF EXISTS `tb_dic_entry`;
CREATE TABLE `tb_dic_entry` (
  `dic_entry_id` varchar(255) NOT NULL,
  `dic_entry_name` varchar(255) DEFAULT NULL,
  `dic_entry_value` varchar(255) DEFAULT NULL,
  `dic_id` varchar(255) CHARACTER SET utf8mb4 COLLATE utf8mb4_0900_ai_ci NOT NULL,
  PRIMARY KEY (`dic_entry_id`)
) ENGINE=InnoDB DEFAULT CHARSET=utf8mb4 COLLATE=utf8mb4_0900_ai_ci;

-- ----------------------------
-- Records of tb_dic_entry
-- ----------------------------
BEGIN;
INSERT INTO `tb_dic_entry` (`dic_entry_id`, `dic_entry_name`, `dic_entry_value`, `dic_id`) VALUES ('108b7b5964354dafa6b2ff7deac5de1d', 'status_created', 'created', 'ae244c6bc76847eaaab5584267986bf2');
INSERT INTO `tb_dic_entry` (`dic_entry_id`, `dic_entry_name`, `dic_entry_value`, `dic_id`) VALUES ('234af3bfece5427db7d27bc97687d5ce', 'status_finished', 'finished', 'ae244c6bc76847eaaab5584267986bf2');
INSERT INTO `tb_dic_entry` (`dic_entry_id`, `dic_entry_name`, `dic_entry_value`, `dic_id`) VALUES ('5353687b6408402fa993378c5e098e66', 'repeat_wednesday', '星期三', 'b0c4236b2507411cb41792f1f8467bad');
INSERT INTO `tb_dic_entry` (`dic_entry_id`, `dic_entry_name`, `dic_entry_value`, `dic_id`) VALUES ('66666ce9a8494a4f9ab2380207ce9b57', 'status_started', 'started', 'ae244c6bc76847eaaab5584267986bf2');
INSERT INTO `tb_dic_entry` (`dic_entry_id`, `dic_entry_name`, `dic_entry_value`, `dic_id`) VALUES ('7b6d1bfaa799484d93544d259c390820', 'repeat_tuesday', '星期二', 'b0c4236b2507411cb41792f1f8467bad');
INSERT INTO `tb_dic_entry` (`dic_entry_id`, `dic_entry_name`, `dic_entry_value`, `dic_id`) VALUES ('a67d236015bb4cb789682887d5533370', 'repeat_friday', '星期五', 'b0c4236b2507411cb41792f1f8467bad');
INSERT INTO `tb_dic_entry` (`dic_entry_id`, `dic_entry_name`, `dic_entry_value`, `dic_id`) VALUES ('a6fea6e3b75d4657b38fb18c8ac28f6f', 'repeat_sunday', '星期日', 'b0c4236b2507411cb41792f1f8467bad');
INSERT INTO `tb_dic_entry` (`dic_entry_id`, `dic_entry_name`, `dic_entry_value`, `dic_id`) VALUES ('a8d26633dbfb48c485629a1d2d79e3cc', 'repeat_monday', '星期一', 'b0c4236b2507411cb41792f1f8467bad');
INSERT INTO `tb_dic_entry` (`dic_entry_id`, `dic_entry_name`, `dic_entry_value`, `dic_id`) VALUES ('cb5e0648e9cf47c39e8a9c266cbae42f', 'repeat_saturday', '星期六', 'b0c4236b2507411cb41792f1f8467bad');
INSERT INTO `tb_dic_entry` (`dic_entry_id`, `dic_entry_name`, `dic_entry_value`, `dic_id`) VALUES ('f8f263e12a504efba20e3f7f07c2effe', 'repeat_thursday', '星期四', 'b0c4236b2507411cb41792f1f8467bad');
COMMIT;

-- ----------------------------
-- Table structure for tb_todo
-- ----------------------------
DROP TABLE IF EXISTS `tb_todo`;
CREATE TABLE `tb_todo` (
  `todo_id` char(32) NOT NULL,
  `todo_name` varchar(45) NOT NULL,
  `todo_description` varchar(200) DEFAULT NULL,
  `todo_begin_date` datetime NOT NULL,
  `todo_end_date` datetime NOT NULL,
  `user_id` char(32) NOT NULL,
  `todo_status_id` char(32) NOT NULL,
  PRIMARY KEY (`todo_id`)
) ENGINE=InnoDB DEFAULT CHARSET=utf8mb4 COLLATE=utf8mb4_0900_ai_ci;

-- ----------------------------
-- Records of tb_todo
-- ----------------------------
BEGIN;
INSERT INTO `tb_todo` (`todo_id`, `todo_name`, `todo_description`, `todo_begin_date`, `todo_end_date`, `user_id`, `todo_status_id`) VALUES ('206b711c1ff0495bb2de5ce7bee2db87', '1', '2', '2024-09-05 11:58:38', '2024-09-05 11:58:38', '73AE89EE58F44DA4A59BCB047E8184E2', '66666ce9a8494a4f9ab2380207ce9b57');
INSERT INTO `tb_todo` (`todo_id`, `todo_name`, `todo_description`, `todo_begin_date`, `todo_end_date`, `user_id`, `todo_status_id`) VALUES ('3043af746b2f4be4b2f0950748acfc75', '1', '2', '2024-09-05 10:36:06', '2024-09-05 10:36:06', '73AE89EE58F44DA4A59BCB047E8184E2', '66666ce9a8494a4f9ab2380207ce9b57');
INSERT INTO `tb_todo` (`todo_id`, `todo_name`, `todo_description`, `todo_begin_date`, `todo_end_date`, `user_id`, `todo_status_id`) VALUES ('35c68de3c7854defaac9832a55e16c31', 'xx', 'dd', '2024-09-10 06:30:41', '2024-09-10 06:30:41', '73AE89EE58F44DA4A59BCB047E8184E2', '');
INSERT INTO `tb_todo` (`todo_id`, `todo_name`, `todo_description`, `todo_begin_date`, `todo_end_date`, `user_id`, `todo_status_id`) VALUES ('41d7750e7d974bb7b6c49acbe1de42ce', 'test2', '', '2024-09-05 09:17:00', '2024-09-05 09:17:00', '73AE89EE58F44DA4A59BCB047E8184E2', '66666ce9a8494a4f9ab2380207ce9b57');
INSERT INTO `tb_todo` (`todo_id`, `todo_name`, `todo_description`, `todo_begin_date`, `todo_end_date`, `user_id`, `todo_status_id`) VALUES ('60de91e3b2924d939eb089d9bcb690cf', 'test', 'test description', '2024-05-18 15:00:00', '2024-06-18 15:00:00', '73AE89EE58F44DA4A59BCB047E8184E2', '66666ce9a8494a4f9ab2380207ce9b57');
INSERT INTO `tb_todo` (`todo_id`, `todo_name`, `todo_description`, `todo_begin_date`, `todo_end_date`, `user_id`, `todo_status_id`) VALUES ('7608c42bd0d4421786ef975a7e43eca3', '12', '232', '2024-09-10 05:58:16', '2024-09-10 05:58:16', '73AE89EE58F44DA4A59BCB047E8184E2', '');
INSERT INTO `tb_todo` (`todo_id`, `todo_name`, `todo_description`, `todo_begin_date`, `todo_end_date`, `user_id`, `todo_status_id`) VALUES ('7f3ab476fa414cf88e87c0e5c93c68da', '知识整理', '', '2024-11-19 19:30:00', '2024-11-19 20:00:00', '73AE89EE58F44DA4A59BCB047E8184E2', '');
INSERT INTO `tb_todo` (`todo_id`, `todo_name`, `todo_description`, `todo_begin_date`, `todo_end_date`, `user_id`, `todo_status_id`) VALUES ('852778d073a24c888e43e0edc8dae113', 'test', 'test description', '2024-05-18 15:00:00', '2024-06-18 15:00:00', '73AE89EE58F44DA4A59BCB047E8184E2', '66666ce9a8494a4f9ab2380207ce9b57');
INSERT INTO `tb_todo` (`todo_id`, `todo_name`, `todo_description`, `todo_begin_date`, `todo_end_date`, `user_id`, `todo_status_id`) VALUES ('8d9ba1bd46da43e38614c11903888b60', 's', 'd', '2024-09-10 05:47:15', '2024-09-10 05:47:15', '73AE89EE58F44DA4A59BCB047E8184E2', '66666ce9a8494a4f9ab2380207ce9b57');
INSERT INTO `tb_todo` (`todo_id`, `todo_name`, `todo_description`, `todo_begin_date`, `todo_end_date`, `user_id`, `todo_status_id`) VALUES ('96991f71c07547a2a572aa0c4606c9f2', '数学1', '', '2025-05-13 05:19:00', '2025-05-13 05:19:00', '73AE89EE58F44DA4A59BCB047E8184E2', '');
INSERT INTO `tb_todo` (`todo_id`, `todo_name`, `todo_description`, `todo_begin_date`, `todo_end_date`, `user_id`, `todo_status_id`) VALUES ('a5e3e6d1ea974de5924623e97e275b82', 'test11', '2', '2024-09-05 10:46:14', '2024-09-05 10:46:14', '73AE89EE58F44DA4A59BCB047E8184E2', '66666ce9a8494a4f9ab2380207ce9b57');
INSERT INTO `tb_todo` (`todo_id`, `todo_name`, `todo_description`, `todo_begin_date`, `todo_end_date`, `user_id`, `todo_status_id`) VALUES ('b818b90395fc463784490ebf00e06b04', 'dsds', '', '2024-09-10 05:43:56', '2024-09-10 05:43:56', '73AE89EE58F44DA4A59BCB047E8184E2', '66666ce9a8494a4f9ab2380207ce9b57');
INSERT INTO `tb_todo` (`todo_id`, `todo_name`, `todo_description`, `todo_begin_date`, `todo_end_date`, `user_id`, `todo_status_id`) VALUES ('c7c4389f01994ecab200622d5676c71e', '12', '22', '2024-09-11 05:58:00', '2024-09-11 05:58:00', '73AE89EE58F44DA4A59BCB047E8184E2', '');
INSERT INTO `tb_todo` (`todo_id`, `todo_name`, `todo_description`, `todo_begin_date`, `todo_end_date`, `user_id`, `todo_status_id`) VALUES ('d225213ce6bd4a08a383fc9fc17edbe9', '1', '', '2025-02-20 07:24:00', '2025-02-20 10:24:00', '73AE89EE58F44DA4A59BCB047E8184E2', '');
INSERT INTO `tb_todo` (`todo_id`, `todo_name`, `todo_description`, `todo_begin_date`, `todo_end_date`, `user_id`, `todo_status_id`) VALUES ('e11846c24ce844d1acca81c89d15fd4e', 'test22', '', '2024-09-05 10:46:05', '2024-09-05 10:46:05', '73AE89EE58F44DA4A59BCB047E8184E2', '66666ce9a8494a4f9ab2380207ce9b57');
INSERT INTO `tb_todo` (`todo_id`, `todo_name`, `todo_description`, `todo_begin_date`, `todo_end_date`, `user_id`, `todo_status_id`) VALUES ('e90051befcf44da3971b9d92a232a266', '英语', '2', '2024-09-17 08:57:11', '2024-09-17 08:57:11', '73AE89EE58F44DA4A59BCB047E8184E2', '');
INSERT INTO `tb_todo` (`todo_id`, `todo_name`, `todo_description`, `todo_begin_date`, `todo_end_date`, `user_id`, `todo_status_id`) VALUES ('e91f875d12824972b245173fd30bfb32', '科学社区', '', '2024-11-19 14:30:00', '2024-11-19 17:58:00', '73AE89EE58F44DA4A59BCB047E8184E2', '');
INSERT INTO `tb_todo` (`todo_id`, `todo_name`, `todo_description`, `todo_begin_date`, `todo_end_date`, `user_id`, `todo_status_id`) VALUES ('f01b6520be354d969f6f56457e5df600', 's', 'd', '2024-09-10 05:47:15', '2024-09-10 05:47:15', '73AE89EE58F44DA4A59BCB047E8184E2', '66666ce9a8494a4f9ab2380207ce9b57');
INSERT INTO `tb_todo` (`todo_id`, `todo_name`, `todo_description`, `todo_begin_date`, `todo_end_date`, `user_id`, `todo_status_id`) VALUES ('f6c85f81e5a5487bbe820842b728a1ce', '1', '2', '2024-09-09 16:31:56', '2024-09-09 16:31:56', '73AE89EE58F44DA4A59BCB047E8184E2', '66666ce9a8494a4f9ab2380207ce9b57');
COMMIT;

-- ----------------------------
-- Table structure for tb_todo_repeat
-- ----------------------------
DROP TABLE IF EXISTS `tb_todo_repeat`;
CREATE TABLE `tb_todo_repeat` (
  `todo_repeat_id` varbinary(255) NOT NULL,
  `repeat_id` varchar(255) CHARACTER SET utf8mb4 COLLATE utf8mb4_0900_ai_ci NOT NULL,
  `todo_id` varbinary(255) NOT NULL,
  PRIMARY KEY (`todo_repeat_id`) USING BTREE
) ENGINE=InnoDB DEFAULT CHARSET=utf8mb4 COLLATE=utf8mb4_0900_ai_ci;

-- ----------------------------
-- Records of tb_todo_repeat
-- ----------------------------
BEGIN;
INSERT INTO `tb_todo_repeat` (`todo_repeat_id`, `repeat_id`, `todo_id`) VALUES (0x3031386665306438356535323432373538643663626531343562616331646433, '7b6d1bfaa799484d93544d259c390820', '');
INSERT INTO `tb_todo_repeat` (`todo_repeat_id`, `repeat_id`, `todo_id`) VALUES (0x3032303362653132623234353432623139313434373464363733336661373538, 'cb5e0648e9cf47c39e8a9c266cbae42f', 0x3936393931663731633037353437613261353732616130633436303663396632);
INSERT INTO `tb_todo_repeat` (`todo_repeat_id`, `repeat_id`, `todo_id`) VALUES (0x3034623030643233373038383463353438633562643832356434363731633338, 'cb5e0648e9cf47c39e8a9c266cbae42f', 0x3936393931663731633037353437613261353732616130633436303663396632);
INSERT INTO `tb_todo_repeat` (`todo_repeat_id`, `repeat_id`, `todo_id`) VALUES (0x3061323163636561356538643437326462663165396536306266623365396366, 'a67d236015bb4cb789682887d5533370', '');
INSERT INTO `tb_todo_repeat` (`todo_repeat_id`, `repeat_id`, `todo_id`) VALUES (0x3163396161346263666239373432316638363132326432356564656339323366, '5353687b6408402fa993378c5e098e66', '');
INSERT INTO `tb_todo_repeat` (`todo_repeat_id`, `repeat_id`, `todo_id`) VALUES (0x3234393330333430623566653435616639623562663664653134653836306533, 'cb5e0648e9cf47c39e8a9c266cbae42f', '');
INSERT INTO `tb_todo_repeat` (`todo_repeat_id`, `repeat_id`, `todo_id`) VALUES (0x3234663237336662613264313433326161343337336361306132656233376463, '7b6d1bfaa799484d93544d259c390820', 0x3936393931663731633037353437613261353732616130633436303663396632);
INSERT INTO `tb_todo_repeat` (`todo_repeat_id`, `repeat_id`, `todo_id`) VALUES (0x3238623732626565356632383431343339656235366533343962373639353231, 'a67d236015bb4cb789682887d5533370', 0x3631373434623362353563303463376161353936613335353062316439653038);
INSERT INTO `tb_todo_repeat` (`todo_repeat_id`, `repeat_id`, `todo_id`) VALUES (0x3264383131323036396666633436383361313638623464336230623839396639, '7b6d1bfaa799484d93544d259c390820', 0x3631373434623362353563303463376161353936613335353062316439653038);
INSERT INTO `tb_todo_repeat` (`todo_repeat_id`, `repeat_id`, `todo_id`) VALUES (0x3264626230313239613930643466666662393866663266393634616366363238, '7b6d1bfaa799484d93544d259c390820', 0x3631373434623362353563303463376161353936613335353062316439653038);
INSERT INTO `tb_todo_repeat` (`todo_repeat_id`, `repeat_id`, `todo_id`) VALUES (0x3265663432343366643366313462663439303963653031396262656365323661, 'a67d236015bb4cb789682887d5533370', 0x3631373434623362353563303463376161353936613335353062316439653038);
INSERT INTO `tb_todo_repeat` (`todo_repeat_id`, `repeat_id`, `todo_id`) VALUES (0x3333633934613831343936373437656361376565356262626230643264623332, '7b6d1bfaa799484d93544d259c390820', 0x3631373434623362353563303463376161353936613335353062316439653038);
INSERT INTO `tb_todo_repeat` (`todo_repeat_id`, `repeat_id`, `todo_id`) VALUES (0x3339616630376533326661393437356438383437323466653731386337646531, '5353687b6408402fa993378c5e098e66', 0x3631373434623362353563303463376161353936613335353062316439653038);
INSERT INTO `tb_todo_repeat` (`todo_repeat_id`, `repeat_id`, `todo_id`) VALUES (0x3366613937666461613139373463343862343634326136333234303164346165, 'a67d236015bb4cb789682887d5533370', 0x3936393931663731633037353437613261353732616130633436303663396632);
INSERT INTO `tb_todo_repeat` (`todo_repeat_id`, `repeat_id`, `todo_id`) VALUES (0x3433646266356531633863353436396161396634613263663466623434356439, 'f8f263e12a504efba20e3f7f07c2effe', 0x3936393931663731633037353437613261353732616130633436303663396632);
INSERT INTO `tb_todo_repeat` (`todo_repeat_id`, `repeat_id`, `todo_id`) VALUES (0x3434336463323631303366353438373562646563333339616431656131336436, '5353687b6408402fa993378c5e098e66', 0x3936393931663731633037353437613261353732616130633436303663396632);
INSERT INTO `tb_todo_repeat` (`todo_repeat_id`, `repeat_id`, `todo_id`) VALUES (0x3461643561383534366332363462376338343031343766363730303266646633, 'a67d236015bb4cb789682887d5533370', 0x3936393931663731633037353437613261353732616130633436303663396632);
INSERT INTO `tb_todo_repeat` (`todo_repeat_id`, `repeat_id`, `todo_id`) VALUES (0x3531316136356233623238383466346361313962363436396630303463366531, '5353687b6408402fa993378c5e098e66', 0x3936393931663731633037353437613261353732616130633436303663396632);
INSERT INTO `tb_todo_repeat` (`todo_repeat_id`, `repeat_id`, `todo_id`) VALUES (0x3532626134306430326633323437313562383664653938336634323735333334, 'a67d236015bb4cb789682887d5533370', 0x3936393931663731633037353437613261353732616130633436303663396632);
INSERT INTO `tb_todo_repeat` (`todo_repeat_id`, `repeat_id`, `todo_id`) VALUES (0x3532663135643534656662333439333261346334303739363432303438666233, 'a8d26633dbfb48c485629a1d2d79e3cc', 0x3936393931663731633037353437613261353732616130633436303663396632);
INSERT INTO `tb_todo_repeat` (`todo_repeat_id`, `repeat_id`, `todo_id`) VALUES (0x3533643234383739313732373463323039633634313430653265626438643938, 'a67d236015bb4cb789682887d5533370', 0x3631373434623362353563303463376161353936613335353062316439653038);
INSERT INTO `tb_todo_repeat` (`todo_repeat_id`, `repeat_id`, `todo_id`) VALUES (0x3562336362303731333263303461646139663039383461613734646231613233, '5353687b6408402fa993378c5e098e66', 0x3936393931663731633037353437613261353732616130633436303663396632);
INSERT INTO `tb_todo_repeat` (`todo_repeat_id`, `repeat_id`, `todo_id`) VALUES (0x3562363635306630653536613462363038343361323564323032386339326338, '7b6d1bfaa799484d93544d259c390820', 0x3936393931663731633037353437613261353732616130633436303663396632);
INSERT INTO `tb_todo_repeat` (`todo_repeat_id`, `repeat_id`, `todo_id`) VALUES (0x3630633537313931616134343466646338616330333266626231313030393265, 'a8d26633dbfb48c485629a1d2d79e3cc', '');
INSERT INTO `tb_todo_repeat` (`todo_repeat_id`, `repeat_id`, `todo_id`) VALUES (0x3636623066326635646636613434303338366331343361326132396563633066, 'a6fea6e3b75d4657b38fb18c8ac28f6f', 0x3936393931663731633037353437613261353732616130633436303663396632);
INSERT INTO `tb_todo_repeat` (`todo_repeat_id`, `repeat_id`, `todo_id`) VALUES (0x3638663765616364376631613438663739666339383064343437623737396363, 'a6fea6e3b75d4657b38fb18c8ac28f6f', 0x3936393931663731633037353437613261353732616130633436303663396632);
INSERT INTO `tb_todo_repeat` (`todo_repeat_id`, `repeat_id`, `todo_id`) VALUES (0x3730366639323239393963663439393339663539393137633338643565363061, '7b6d1bfaa799484d93544d259c390820', 0x3936393931663731633037353437613261353732616130633436303663396632);
INSERT INTO `tb_todo_repeat` (`todo_repeat_id`, `repeat_id`, `todo_id`) VALUES (0x3736663333306262373062623439616262663036643430636561643465376539, 'a8d26633dbfb48c485629a1d2d79e3cc', 0x3936393931663731633037353437613261353732616130633436303663396632);
INSERT INTO `tb_todo_repeat` (`todo_repeat_id`, `repeat_id`, `todo_id`) VALUES (0x3738303131383061343965313439643739306535653664643863626633383563, '7b6d1bfaa799484d93544d259c390820', 0x3936393931663731633037353437613261353732616130633436303663396632);
INSERT INTO `tb_todo_repeat` (`todo_repeat_id`, `repeat_id`, `todo_id`) VALUES (0x3831316138643931663265353464376262363230346331386265333135336530, 'a8d26633dbfb48c485629a1d2d79e3cc', 0x3936393931663731633037353437613261353732616130633436303663396632);
INSERT INTO `tb_todo_repeat` (`todo_repeat_id`, `repeat_id`, `todo_id`) VALUES (0x3834333565303534313661303464303161396362313837653766386461386538, 'a67d236015bb4cb789682887d5533370', 0x3631373434623362353563303463376161353936613335353062316439653038);
INSERT INTO `tb_todo_repeat` (`todo_repeat_id`, `repeat_id`, `todo_id`) VALUES (0x3836393730303730376365333436356139333365363031376266653264666633, '7b6d1bfaa799484d93544d259c390820', 0x3936393931663731633037353437613261353732616130633436303663396632);
INSERT INTO `tb_todo_repeat` (`todo_repeat_id`, `repeat_id`, `todo_id`) VALUES (0x3837336262376564333332393465356338653961383237366337376238613963, '7b6d1bfaa799484d93544d259c390820', 0x3936393931663731633037353437613261353732616130633436303663396632);
INSERT INTO `tb_todo_repeat` (`todo_repeat_id`, `repeat_id`, `todo_id`) VALUES (0x3837643832626135653334643438613461356662636631336464613361353932, '7b6d1bfaa799484d93544d259c390820', 0x3936393931663731633037353437613261353732616130633436303663396632);
INSERT INTO `tb_todo_repeat` (`todo_repeat_id`, `repeat_id`, `todo_id`) VALUES (0x3930626339393038633733313461623861373365656334616261666364323938, '7b6d1bfaa799484d93544d259c390820', 0x3631373434623362353563303463376161353936613335353062316439653038);
INSERT INTO `tb_todo_repeat` (`todo_repeat_id`, `repeat_id`, `todo_id`) VALUES (0x3932633666363631306234313466386638333539363439323332623664653630, 'a6fea6e3b75d4657b38fb18c8ac28f6f', 0x3936393931663731633037353437613261353732616130633436303663396632);
INSERT INTO `tb_todo_repeat` (`todo_repeat_id`, `repeat_id`, `todo_id`) VALUES (0x3937646132326531393036663437613862303730636530666138376333393362, 'a67d236015bb4cb789682887d5533370', 0x3631373434623362353563303463376161353936613335353062316439653038);
INSERT INTO `tb_todo_repeat` (`todo_repeat_id`, `repeat_id`, `todo_id`) VALUES (0x3963613161363562383763633432313939666466343030633538663265346461, '5353687b6408402fa993378c5e098e66', 0x3936393931663731633037353437613261353732616130633436303663396632);
INSERT INTO `tb_todo_repeat` (`todo_repeat_id`, `repeat_id`, `todo_id`) VALUES (0x3966363837663162346435633434366462643461336466646566333934323563, 'a67d236015bb4cb789682887d5533370', 0x3230336536383235626561323431636238386234353563336330636231373730);
INSERT INTO `tb_todo_repeat` (`todo_repeat_id`, `repeat_id`, `todo_id`) VALUES (0x6130356563343034656138333461306638643966303339613437613234356362, 'f8f263e12a504efba20e3f7f07c2effe', '');
INSERT INTO `tb_todo_repeat` (`todo_repeat_id`, `repeat_id`, `todo_id`) VALUES (0x6131303439666164623635363431393439373034623365346335393232393533, '7b6d1bfaa799484d93544d259c390820', 0x3936393931663731633037353437613261353732616130633436303663396632);
INSERT INTO `tb_todo_repeat` (`todo_repeat_id`, `repeat_id`, `todo_id`) VALUES (0x6139623637326365306536363431313039363431633536316534656662343332, 'a67d236015bb4cb789682887d5533370', 0x6432323532313363653662643461303861333833666339666331376564626539);
INSERT INTO `tb_todo_repeat` (`todo_repeat_id`, `repeat_id`, `todo_id`) VALUES (0x6231633530633336383664353466623338356538393238636531646536383636, 'a67d236015bb4cb789682887d5533370', 0x3936393931663731633037353437613261353732616130633436303663396632);
INSERT INTO `tb_todo_repeat` (`todo_repeat_id`, `repeat_id`, `todo_id`) VALUES (0x6261373631366533346362643435333862623031343237636539313139373435, '7b6d1bfaa799484d93544d259c390820', 0x3230336536383235626561323431636238386234353563336330636231373730);
INSERT INTO `tb_todo_repeat` (`todo_repeat_id`, `repeat_id`, `todo_id`) VALUES (0x6330383563393337653632313430303161316630366465373330393566313437, '5353687b6408402fa993378c5e098e66', 0x3936393931663731633037353437613261353732616130633436303663396632);
INSERT INTO `tb_todo_repeat` (`todo_repeat_id`, `repeat_id`, `todo_id`) VALUES (0x6331626331316530373566323438313862373435656631633234626462396631, '7b6d1bfaa799484d93544d259c390820', 0x3631373434623362353563303463376161353936613335353062316439653038);
INSERT INTO `tb_todo_repeat` (`todo_repeat_id`, `repeat_id`, `todo_id`) VALUES (0x6336383534626438303536383432646662363633636266373238313666343630, 'a6fea6e3b75d4657b38fb18c8ac28f6f', '');
INSERT INTO `tb_todo_repeat` (`todo_repeat_id`, `repeat_id`, `todo_id`) VALUES (0x6338643130666131333465363430363462646634393130383961316466323734, 'a6fea6e3b75d4657b38fb18c8ac28f6f', 0x3230366237313163316666303439356262326465356365376265653264623837);
INSERT INTO `tb_todo_repeat` (`todo_repeat_id`, `repeat_id`, `todo_id`) VALUES (0x6361313762623532376133353461653839306636303534653266646339303962, 'a8d26633dbfb48c485629a1d2d79e3cc', 0x3631373434623362353563303463376161353936613335353062316439653038);
INSERT INTO `tb_todo_repeat` (`todo_repeat_id`, `repeat_id`, `todo_id`) VALUES (0x6365323031656166613162623464666662333733623336323130336634666434, 'a67d236015bb4cb789682887d5533370', 0x3330343361663734366232663462653462326630393530373438616366633735);
INSERT INTO `tb_todo_repeat` (`todo_repeat_id`, `repeat_id`, `todo_id`) VALUES (0x6365333436646135316338613430646238666630633030376339353965386535, '5353687b6408402fa993378c5e098e66', 0x3936393931663731633037353437613261353732616130633436303663396632);
INSERT INTO `tb_todo_repeat` (`todo_repeat_id`, `repeat_id`, `todo_id`) VALUES (0x6430373334366563656366653439613762353464666538343633633430316262, 'a67d236015bb4cb789682887d5533370', 0x3631373434623362353563303463376161353936613335353062316439653038);
INSERT INTO `tb_todo_repeat` (`todo_repeat_id`, `repeat_id`, `todo_id`) VALUES (0x6439383161323936396436653435633961613865633736313136383932646537, 'a67d236015bb4cb789682887d5533370', 0x3631373434623362353563303463376161353936613335353062316439653038);
INSERT INTO `tb_todo_repeat` (`todo_repeat_id`, `repeat_id`, `todo_id`) VALUES (0x6461623933366266616432643463636438663439313032366237396135353866, 'f8f263e12a504efba20e3f7f07c2effe', 0x3936393931663731633037353437613261353732616130633436303663396632);
INSERT INTO `tb_todo_repeat` (`todo_repeat_id`, `repeat_id`, `todo_id`) VALUES (0x6463653534306239666365313435323461646638366435313562396534373833, '7b6d1bfaa799484d93544d259c390820', 0x3631373434623362353563303463376161353936613335353062316439653038);
INSERT INTO `tb_todo_repeat` (`todo_repeat_id`, `repeat_id`, `todo_id`) VALUES (0x6464313964386163303463313433303562323135323536313531636264316132, 'cb5e0648e9cf47c39e8a9c266cbae42f', 0x3936393931663731633037353437613261353732616130633436303663396632);
INSERT INTO `tb_todo_repeat` (`todo_repeat_id`, `repeat_id`, `todo_id`) VALUES (0x6464356162336336663336393439633262316333666262613131663362386538, 'a6fea6e3b75d4657b38fb18c8ac28f6f', 0x6432323532313363653662643461303861333833666339666331376564626539);
INSERT INTO `tb_todo_repeat` (`todo_repeat_id`, `repeat_id`, `todo_id`) VALUES (0x6466376264353363356461343437393639323335353231643234636234353338, 'a67d236015bb4cb789682887d5533370', 0x3936393931663731633037353437613261353732616130633436303663396632);
INSERT INTO `tb_todo_repeat` (`todo_repeat_id`, `repeat_id`, `todo_id`) VALUES (0x6530323437623735366433623439326638633038343364323064623663663330, 'a67d236015bb4cb789682887d5533370', 0x3936393931663731633037353437613261353732616130633436303663396632);
INSERT INTO `tb_todo_repeat` (`todo_repeat_id`, `repeat_id`, `todo_id`) VALUES (0x6539653639633935303836313465336239306366663932363663336465376637, '7b6d1bfaa799484d93544d259c390820', 0x3936393931663731633037353437613261353732616130633436303663396632);
INSERT INTO `tb_todo_repeat` (`todo_repeat_id`, `repeat_id`, `todo_id`) VALUES (0x6562323766383866653433653464353139386465383562303537386536353662, '5353687b6408402fa993378c5e098e66', 0x3230336536383235626561323431636238386234353563336330636231373730);
INSERT INTO `tb_todo_repeat` (`todo_repeat_id`, `repeat_id`, `todo_id`) VALUES (0x6563656164323234306337303430313938326632386536663635363436646165, 'a67d236015bb4cb789682887d5533370', 0x3936393931663731633037353437613261353732616130633436303663396632);
COMMIT;

-- ----------------------------
-- Table structure for undo_log
-- ----------------------------
DROP TABLE IF EXISTS `undo_log`;
CREATE TABLE `undo_log` (
  `id` bigint NOT NULL AUTO_INCREMENT,
  `branch_id` bigint NOT NULL,
  `xid` varchar(100) NOT NULL,
  `context` varchar(128) NOT NULL,
  `rollback_info` longblob NOT NULL,
  `log_status` int NOT NULL,
  `log_created` datetime NOT NULL,
  `log_modified` datetime NOT NULL,
  PRIMARY KEY (`id`),
  UNIQUE KEY `ux_undo_log` (`xid`,`branch_id`)
) ENGINE=InnoDB AUTO_INCREMENT=15 DEFAULT CHARSET=utf8mb3;

-- ----------------------------
-- Records of undo_log
-- ----------------------------
BEGIN;
COMMIT;

SET FOREIGN_KEY_CHECKS = 1;
